firstname,lastname
Максим,Гаврилов
Борис,Антонов
Алёна,Шишко
Василий,Боков
Алексей,Гелемеев
Александр,Мусин
Дмитрий,Аникин
Лина,Марченко
Джамалутдин,Мусаев
Михаил,Линкер
Размик,Арушанян
Дарья,Ланцова
Азат,Кусяев
Павел,Богословцев
Вадим,Васильев
Игорь,Левашов
Саркис,Манучарян
Виталий,Лобанов
Юлия,Ершова
Ольга,Агапова
Валерия,Монгуш
Никита,Куликов
Суад,Мехдизаде
Денис,Галкин
София,Андонаку
Григорий,Ерзаулов
Андрей,Канаев
Андрей,Жидков
Вероника,Намы
Милалика,Гунич
Дарья,Куркина
Валентина,Варнахина
Артём,Лялин
Дарья,Богданова
Ксения,Быкова
Александр,Молчанов
Павел,Волошин
Дарья,Малык
Никита,Говорухин
Антон,Грушин
Татьяна,Михайлова
Амина,Мустафина
Екатерина,Лычагина
Дарья,Исадичева
Екатерина,Мусалова
Ангелина,Алферова
Никита,Антропов
Максим,Ким
Роман,Адиньяев
Никита,Куракин
Иван,Антонов
Семен,Топузлу
Апостол,Апостолидис
Илья,Семеняк
Виктория,Тотрова
Владислав,Палешкин
Полина,Пронина
Роман,Трошенков
Ярослав,Ряднов
Анастасия,Пиманова
Яна,Сирина
Светлана,Шумакова
Сергей,Павлов
Михаил,Поликарпов
Екатерина,Шестакова
Дмитрий,Сизов
Елизавета,Плавинская
Виктория,Семеркова
Владислав,Постников
Мария,Рябова
Георгий,Парцхаладзе
Никита,Фром
Мариами,Русадзе
Полина,Хромова
Дарья,Фруктова
Анна,Тюрина
Мария,Шестопалова
Кристина,Холодова
Ника,Овчинникова
Дмитрий,Терский
Сакинат,Нураматова
Анастасия,Солодовникова
Кирилл,Хмелев
Виталий,Шаповалов
Алиса,Теплякова
Рамаз,Омсарашвили
Леонид,Новгородов
Евгений,Новоселов
Дарья,Романова
Ярослав,Сапожников
Лидия,Серова
Анна,Сизова
Савелий,Щеголев
Ирина,Райгородецкая
Сергей,Шаталов
Екатерина,Пюро
Захар,Чернодед
Елена,Параева
Никита,Черняев
Федор,Нечипорук
